time,latitude,longitude,depth,mag,magType,nst,gap,dmin,rms,net,id,updated,place,type,horizontalError,depthError,magError,magNst,status,locationSource,magSource
2016-08-10T02:57:17.510Z,39.3293333,-122.8018333,14.45,5.09,mw,120,32,0.155,0.15,nc,nc72672610,2016-09-22T19:36:15.720Z,"20km NNE of Upper Lake, California",earthquake,0.12,0.21,,6,reviewed,nc,nc
2016-07-21T23:09:05.780Z,40.7243333,-123.8918333,26.24,4.73,mw,49,39,0.14,0.17,nc,nc72664436,2016-09-17T01:27:53.040Z,"19km SE of Bayside, California",earthquake,0.26,0.81,,5,reviewed,nc,nc
2016-07-07T23:40:45.777Z,38.6516,-118.7943,9.1,4.5,ml,28,50.51,0.196,0.1551,nn,nn00550904,2016-09-02T21:36:42.040Z,"20km NW of Hawthorne, Nevada",earthquake,0.74,1.2,0.34,14,reviewed,nn,nn
2016-06-10T08:04:38.700Z,33.4315,-116.4426667,12.31,5.19,mw,143,18,0.09275,0.23,ci,ci37374687,2016-10-08T22:52:17.885Z,"20km NNW of Borrego Springs, CA",earthquake,0.13,0.34,,6,reviewed,ci,ci
2016-02-24T00:02:23.630Z,35.5423333,-119.3728333,22.14,4.87,mw,84,37,0.295,0.29,ci,ci37528064,2016-10-01T05:16:31.586Z,"6km SSW of Wasco, CA",earthquake,0.24,0.65,,6,reviewed,ci,ci
2016-02-16T23:04:26.900Z,37.2023,-118.4035,15.1,4.8,Mw,52,104.4,0.1176793,0.07,nc,nc72592670,2016-06-13T18:58:11.000Z,"10km WNW of Big Pine, California",earthquake,0.3,0.6,,6,reviewed,nc,nc
2015-12-30T07:39:29.310Z,48.5865,-123.3003333,52.42,4.79,ml,27,81,0.1167,0.19,uw,uw61114971,2016-07-22T20:01:40.880Z,"17km NNE of Victoria, Canada",earthquake,0.43,0.67,0.137,178,reviewed,uw,uw
2015-12-29T03:35:28.390Z,41.0703333,-125.286,16.86,4.87,mw,53,240,0.8834,0.18,nc,nc72571010,2016-04-15T00:59:28.000Z,"98km WNW of Bayview, California",earthquake,1.18,3.39,,5,reviewed,nc,nc
2015-09-14T13:55:48.087Z,41.8594,-119.6271,9.7,4.7,ml,10,98.44,0.157,0.2669,nn,nn00510518,2016-02-04T20:13:17.000Z,"69km ESE of Lakeview, Oregon",earthquake,4.01,4.3,0.4,6,reviewed,nn,nn
2015-07-27T01:05:33.610Z,41.8875,-119.6226,10.72,4.55,ml,7,104.43,0.144,0.1857,nn,nn00503760,2015-10-22T20:05:02.040Z,"68km ESE of Lakeview, Oregon",earthquake,1.9182,2.416,0.33,6,reviewed,nn,nn
2015-07-16T01:52:11.994Z,41.8986,-119.6367,10.0819,4.61,ml,6,155.91,0.129,0.184,nn,nn00501944,2015-10-14T21:05:35.040Z,"66km ESE of Lakeview, Oregon",earthquake,3.653,5.8046,0.43,5,reviewed,nn,nn
2015-05-22T18:47:42.980Z,37.2925,-114.6546,4.0328,5.27,ml,32,109.36,0.335,0.159,nn,nn00495477,2016-03-11T21:18:19.687Z,"37km SSW of Caliente, Nevada",earthquake,2.5866,1.8631,0.22,11,reviewed,nn,nn
2015-02-14T02:28:56.228Z,37.1418,-117.2618,17.0047,4.8,ml,19,54.03,0.168,0.1919,nn,nn00482627,2016-03-11T15:19:59.098Z,"51km WNW of Beatty, Nevada",earthquake,1.7497,1.3063,,6,reviewed,nn,nn
2015-02-09T01:45:03.110Z,31.5236667,-115.6743333,12.503,4.89,mw,6,134,0.5093,0.15,ci,ci37314320,2016-03-11T04:30:52.175Z,"87km ESE of Maneadero, B.C., MX",earthquake,0.78,31.61,,6,reviewed,ci,ci
2015-01-28T21:08:53.710Z,40.3178333,-124.6066667,17.17,5.73,mw,52,230,0.2465,0.13,nc,nc72387946,2016-01-07T06:15:00.388Z,"40km SW of Ferndale, California",earthquake,0.54,0.33,,14,reviewed,nc,nc
2015-01-03T17:44:03.530Z,44.5074,-114.112,8.5,5,mww,,10,0.123,1.37,us,usc000tbfq,2015-10-24T20:18:50.375Z,"9km E of Challis, Idaho",earthquake,4.4,3.3,,,reviewed,us,us
2014-12-01T05:57:37.030Z,35.0423,-111.7276,5,4.7,mww,,23,0.555,0.99,us,usb000t1hf,2016-03-11T22:54:39.681Z,"6km SSW of Kachina Village, Arizona",earthquake,3.5,1.8,,,reviewed,us,us
2014-11-13T06:36:07.489Z,41.9009,-119.6224,0,4.59,ml,7,80.61,0.507,0.0742,nn,nn00467620,2015-03-20T00:54:44.736Z,"67km ESE of Lakeview, Oregon",earthquake,4.4006,3.3758,0.31,7,reviewed,nn,nn
2014-11-07T08:05:54.864Z,41.8805,-119.6299,0,4.68,ml,6,76.98,0.502,0.1903,nn,nn00466648,2015-03-20T00:36:24.055Z,"68km ESE of Lakeview, Oregon",earthquake,2.8477,,0.59,4,reviewed,nn,nn
2014-11-06T08:34:46.519Z,41.9061,-119.6573,5.1853,4.72,ml,7,78.33,0.481,0.1662,nn,nn00466441,2015-03-20T00:30:44.832Z,"65km ESE of Lakeview, Oregon",earthquake,4.0816,6.7394,0.19,6,reviewed,nn,nn
2014-11-05T07:23:04.418Z,41.9078,-119.6202,0.1078,4.59,ml,6,78.37,0.508,0.1359,nn,nn00466248,2015-03-20T18:42:38.116Z,"67km ESE of Lakeview, Oregon",earthquake,4.7068,6.9496,0.16,3,reviewed,nn,nn
2014-08-24T10:20:44.070Z,38.2151667,-122.3123333,11.12,6.02,mw,369,28,0.03579,0.18,nc,nc72282711,2016-08-09T16:24:31.095Z,"South Napa Earthquake",earthquake,0.11,0.15,,0,reviewed,nc,nc
2014-07-05T16:59:34.090Z,34.2823333,-117.0266667,7.25,4.58,mw,188,32,,0.23,ci,ci15520985,2016-03-11T13:14:01.469Z,"11km NE of Running Springs, CA",earthquake,0.12,0.28,,6,reviewed,ci,ci
2014-04-13T00:04:39.000Z,44.62,-114.33,3.5,4.8,mwr,,,,1.43,us,usc000pi6d,2015-01-28T18:06:35.007Z,"15km NNW of Challis, Idaho",earthquake,,3.8,0.033,89,reviewed,mb,us
2014-03-30T12:34:39.100Z,44.772,-110.6847,5.6,4.8,Mw,,64.8,0.04491576,0.24,uu,uu60061837,2015-01-29T01:59:49.832Z,"35km ENE of West Yellowstone, Montana",earthquake,0.4,0.8,,0,reviewed,uu,uu
2014-03-29T04:09:42.170Z,33.9325,-117.9158333,5.09,5.1,mw,321,9,0.01443,0.24,ci,ci15481673,2016-09-26T21:34:48.167Z,"2km NW of Brea, CA",earthquake,0.1,0.21,,6,reviewed,ci,ci
2014-03-10T10:28:18.500Z,40.7778,-125.1915,19.3,4.5,Mw,,230.4,0.82645006,0.21,nc,nc72182306,2015-05-18T22:31:56.194Z,"81km WNW of Ferndale, California",earthquake,1,2.7,,4,reviewed,nc,nc
2014-03-10T05:18:13.400Z,40.8287,-125.1338,16.6,6.8,Mw,,230.4,0.65577016,0.15,nc,nc72182046,2016-09-07T13:17:24.322Z,"78km WNW of Ferndale, California",earthquake,0.6,1.9,,5,reviewed,nc,nc
2014-03-05T02:24:23.350Z,31.3228,-119.4094,7.2,4.6,mb,,176,1.921,0.67,us,usb000n1b3,2016-03-11T02:17:41.832Z,"246km SSW of Avalon, California",earthquake,,5,0.051,117,reviewed,us,us
2014-01-23T04:10:41.100Z,40.411,-125.3412,23.8,4.6,Mw,,241.2,0.76356799,0.27,nc,nc72145230,2015-05-18T22:11:03.239Z,"93km W of Ferndale, California",earthquake,1.1,8.8,,5,reviewed,nc,nc
2014-01-12T20:24:46.700Z,38.8135,-122.8162,2.6,4.5,Mw,,25.2,0.00898315,0.05,nc,nc72141176,2016-07-19T21:56:09.838Z,"6km NW of The Geysers, California",earthquake,0.1,0.1,,10,reviewed,nc,nc
2013-12-20T05:27:08.000Z,31.22,-115.908,6,4.8,mwr,,,,1.57,us,usc000lnnb,2016-03-12T05:58:59.316Z,"43km NNE of Camalu, Mexico",earthquake,,1.8,0.066,,reviewed,ecx,us
2013-11-08T10:46:56.000Z,41.3257,-125.2915,12,4.7,Mw,,237.6,0.96119735,0.19,nc,nc72103326,2016-03-11T20:36:25.540Z,"102km WSW of Crescent City, California",earthquake,1.2,17.8,,5,reviewed,nc,nc
2013-10-11T23:05:37.300Z,40.9835,-124.7498,8.7,4.9,Mw,,212.4,0.49407341,0.17,nc,nc72086051,2016-03-11T03:56:52.069Z,"53km WNW of Eureka, California",earthquake,0.4,1,,6,reviewed,nc,nc
2013-08-03T02:25:49.900Z,40.8082,-124.4018,20.5,4.5,Mw,,216,0.19762936,0.09,nc,nc72042291,2015-01-28T07:12:01.697Z,"18km WNW of Bayview, California",earthquake,0.5,0.3,,5,reviewed,nc,nc
2013-05-29T14:38:03.410Z,34.4061667,-119.9198333,7.12,4.8,mw,37,63,,0.44,ci,ci15350729,2016-09-14T22:18:17.920Z,"6km W of Isla Vista, CA",earthquake,0.46,1.56,,6,reviewed,ci,ci
2013-05-24T08:02:19.400Z,40.1827,-121.0718,5.2,4.9,Ml,,136.8,0.08084838,0.09,nc,nc71997821,2015-01-28T08:31:38.940Z,"11km WNW of Greenville, California",earthquake,0.3,0.9,0.2,91,reviewed,nc,nc
2013-05-24T03:48:57.100Z,40.1875,-121.0653,4.4,4.6,Md,,162,0.08084838,0.03,nc,nc71071964,2015-01-30T23:38:01.057Z,"11km WNW of Greenville, California",earthquake,0.6,2.4,0.2,15,reviewed,nc,nc
2013-05-24T03:47:08.100Z,40.1918,-121.0595,9.7,5.7,Mw,,68.4,0.08084838,0.08,nc,nc71996906,2015-12-23T07:06:59.260Z,"10km WNW of Greenville, California",earthquake,0.3,0.7,,5,reviewed,nc,nc
2013-03-14T09:09:23.300Z,38.8123,-122.7862,2.2,4.5,Mw,,21.6,0,0.07,nc,nc71954065,2016-03-11T12:37:01.583Z,"5km WSW of Cobb, California",earthquake,0.1,0.1,,7,reviewed,nc,nc
2013-03-11T16:56:06.060Z,33.5008333,-116.4581667,10.943,4.7,mh,110,16,,0.22,ci,ci15296281,2016-03-11T12:35:35.564Z,"21km ESE of Anza, CA",earthquake,0.14,0.32,,0,reviewed,ci,ci
2013-02-13T00:10:13.180Z,38.1361667,-118.0398333,-2.386,5.15,mw,8,264,0.2752,0.21,ci,ci11243586,2016-03-12T03:38:56.931Z,"67km SE of Hawthorne, NV",earthquake,3.65,4.9,,6,reviewed,ci,ci
2012-10-21T06:55:09.930Z,36.3241667,-120.8466667,15.426,5.3,mh,20,88,0.2588,0.55,ci,ci15233041,2016-03-11T23:47:03.715Z,"28km ENE of King City, CA",earthquake,1.35,4.86,,0,reviewed,ci,ci
2012-09-25T15:15:09.890Z,39.168,-123.165,11.5,4.5,mwr,136,124.9,,,us,usp000jsys,2015-01-28T07:57:38.061Z,"Northern California",earthquake,,,,,reviewed,nc,brk
2012-08-27T04:41:37.000Z,33.0211667,-115.5195,4.17,4.9,mw,40,82,0.04196,0.21,ci,ci15202921,2016-03-12T03:25:51.512Z,"5km NNE of Brawley, CA",earthquake,0.42,0.64,,6,reviewed,ci,ci
2012-08-26T23:33:25.130Z,33.028,-115.5305,7.47,4.61,mw,62,82,0.04411,0.22,ci,ci15201537,2016-03-12T05:17:52.460Z,"6km N of Brawley, CA",earthquake,0.26,0.63,,6,reviewed,ci,ci
2012-08-26T20:57:58.220Z,33.0185,-115.5403333,8.283,5.44,mw,47,47,0.0329,0.16,ci,ci15200401,2016-03-11T03:21:21.682Z,"4km NNW of Brawley, CA",earthquake,0.3,0.66,,6,reviewed,ci,ci
2012-08-26T19:33:01.090Z,33.0135,-115.5591667,4.387,4.89,mw,50,75,0.02933,0.17,ci,ci15199689,2016-03-11T05:12:05.482Z,"5km NW of Brawley, CA",earthquake,0.29,0.47,,6,reviewed,ci,ci
2012-08-26T19:31:23.040Z,33.0171667,-115.5536667,8.323,5.32,mw,56,73,0.03163,0.21,ci,ci15199681,2016-03-11T03:21:14.648Z,"5km NNW of Brawley, CA",earthquake,0.32,0.72,,6,reviewed,ci,ci
2012-08-26T19:20:04.810Z,33.0158333,-115.5363333,4.79,4.59,mw,23,87,0.03107,0.12,ci,ci15199593,2016-03-11T16:00:04.539Z,"4km N of Brawley, CA",earthquake,0.39,0.48,,6,reviewed,ci,ci
2012-07-21T06:04:21.520Z,40.43,-125.234,-0.46,5.2,mh,13,332,2.309,1.34,ci,ci15181273,2016-03-11T17:51:49.695Z,"84km W of Ferndale, CA",earthquake,99,31.61,,0,reviewed,ci,ci
2012-07-01T06:36:06.350Z,32.2131667,-115.2886667,9.641,4.65,mw,14,189,0.2062,0.22,ci,ci11129914,2016-03-12T03:21:30.599Z,"11km W of Alberto Oviedo Mota, B.C., MX",earthquake,1.24,31.61,,6,reviewed,ci,ci
2012-07-01T03:25:20.450Z,32.2071667,-115.3431667,2.821,4.64,mw,10,187,0.2142,0.24,ci,ci11129826,2016-03-11T03:16:32.214Z,"16km W of Alberto Oviedo Mota, B.C., MX",earthquake,1.26,8.28,,0,reviewed,ci,ci
2012-02-14T10:09:28.440Z,32.1991667,-115.2085,9.963,4.87,mw,17,244,0.2344,0.31,ci,ci11066877,2016-03-11T12:06:17.170Z,"5km SW of Alberto Oviedo Mota, B.C., MX",earthquake,2.8,31.61,,0,reviewed,ci,ci
2012-02-13T21:07:02.770Z,41.143,-123.79,28.2,5.6,mwr,526,23.1,,,us,usp000jewr,2015-01-28T03:48:26.041Z,"Northern California",earthquake,,,,,reviewed,nc,brk
2011-11-18T13:09:00.980Z,48.4693333,-119.6075,11.168,4.6,md,21,121,0.2138,0.26,uw,uw10831488,2016-09-01T18:43:34.819Z,"Washington",earthquake,0.87,0.94,0.04,21,reviewed,uw,uw
2011-10-27T06:37:09.300Z,39.604,-120.47,13.365,4.7,mh,0,,0.7978,,ci,ci11026045,2016-03-10T19:24:36.784Z,"23km S of Portola, CA",earthquake,,,,0,reviewed,ci,ci
2011-03-01T02:19:46.900Z,38.814,-122.818,1.78,4.5,mh,5,243,1.139,0.74,ci,ci10900645,2016-03-10T08:22:18.610Z,"7km NW of The Geysers, CA",earthquake,21.87,27.08,,0,reviewed,ci,ci
2011-02-20T19:34:39.980Z,32.0468333,-115.2518333,9.908,4.5,mw,5,310,0.3743,0.18,ci,ci14937988,2016-03-10T20:53:00.105Z,"22km SSW of Alberto Oviedo Mota, B.C., MX",earthquake,1.58,31.61,,0,reviewed,ci,ci
2011-02-18T17:47:35.770Z,32.047,-115.0621667,14.929,5.07,mw,11,270,0.4246,0.26,ci,ci14937372,2016-03-10T08:21:53.297Z,"17km SSW of Estacion Coahuila, B.C., MX",earthquake,3.98,31.61,,6,reviewed,ci,ci
2011-01-26T00:11:28.000Z,31.236,-115.653,5,4.5,mb,55,181.9,,,us,usp000htnp,2016-03-14T20:12:39.979Z,"Baja California, Mexico",earthquake,,,,1,reviewed,ecx,us
2011-01-12T08:51:03.600Z,36.77,-121.499,4.756,4.5,mh,7,151,0.042,0.22,ci,ci10872533,2016-03-10T09:47:30.246Z,"9km SSE of San Juan Bautista, CA",earthquake,2.26,1.02,,0,reviewed,ci,ci
2011-01-03T12:06:36.000Z,38.247,-112.34,5.4,4.6,mwr,134,33.4,,,us,usp000hsh5,2015-01-28T15:52:49.387Z,"Utah",earthquake,,,,,reviewed,slc,us
2010-12-11T12:52:26.310Z,32.1633333,-115.2638333,13.005,4.87,ml,13,250,0.2578,0.18,ci,ci14895612,2016-03-10T23:59:16.150Z,"11km SW of Alberto Oviedo Mota, B.C., MX",earthquake,2.48,1.12,0.172,186,reviewed,ci,ci
2010-11-04T19:39:59.550Z,32.8645,-115.9973333,13.146,4.57,ml,64,39,0.03251,0.25,ci,ci10832573,2016-03-10T06:46:30.992Z,"14km N of Ocotillo, CA",earthquake,0.26,0.58,0.146,196,reviewed,ci,ci
2010-09-20T00:30:02.400Z,32.0261667,-115.1083333,9.939,4.75,mw,9,272,0.4261,0.22,ci,ci14844244,2016-03-10T02:09:38.188Z,"21km SSW of Estacion Coahuila, B.C., MX",earthquake,4.9,31.61,,0,reviewed,ci,ci
2010-09-15T06:09:53.380Z,32.1646667,-115.2466667,13.745,4.79,ml,11,255,0.2589,0.2,ci,ci10798845,2016-03-10T12:35:08.309Z,"10km SW of Alberto Oviedo Mota, B.C., MX",earthquake,2.7,1.39,0.197,363,reviewed,ci,ci
2010-09-14T10:52:18.000Z,32.0485,-115.1981667,9.939,4.96,mw,12,263,0.3808,0.21,ci,ci10798005,2016-03-10T11:07:04.208Z,"20km S of Alberto Oviedo Mota, B.C., MX",earthquake,1.95,31.61,,0,reviewed,ci,ci
2010-07-07T23:53:33.480Z,33.4173333,-116.4746667,12.318,5.43,mw,112,19,0.09786,0.23,ci,ci10736069,2016-05-03T15:46:05.390Z,"20km NNW of Borrego Springs, CA",earthquake,0.16,0.35,,6,reviewed,ci,ci
2010-06-15T04:59:45.530Z,32.6995,-115.95,10.519,4.61,ml,60,121,0.1264,0.33,ci,ci14745932,2016-03-10T16:54:12.493Z,"6km SE of Ocotillo, CA",earthquake,0.48,1.26,0.178,397,reviewed,ci,ci
2010-06-15T04:26:58.240Z,32.705,-115.9113333,8.756,5.72,mw,45,71,0.05832,0.2,ci,ci14745580,2016-05-03T15:43:46.319Z,"8km ESE of Ocotillo, CA",earthquake,0.41,0.83,,7,reviewed,ci,ci
2010-06-14T07:02:27.440Z,32.2345,-115.3095,9.993,4.52,mw,16,240,0.4131,0.13,ci,ci10703133,2016-03-10T09:21:43.525Z,"13km W of Alberto Oviedo Mota, B.C., MX",earthquake,1.82,31.61,,6,reviewed,ci,ci
2010-06-13T03:08:57.090Z,33.3833333,-116.4158333,11.156,4.9,ml,85,19,0.1148,0.26,ci,ci10701405,2016-03-10T15:17:46.308Z,"15km NNW of Borrego Springs, CA",earthquake,0.22,0.6,0.125,410,reviewed,ci,ci
2010-05-22T17:33:17.900Z,32.6243333,-115.7683333,7.493,4.6,mw,32,131,0.04329,0.14,ci,ci14718764,2016-03-10T18:25:21.119Z,"18km WNW of Progreso, B.C., MX",earthquake,0.56,0.76,,6,reviewed,ci,ci
2010-05-22T17:30:58.170Z,32.6168333,-115.7563333,8.073,4.9,mw,38,132,0.0411,0.17,ci,ci14718756,2016-03-10T00:19:07.487Z,"17km WNW of Progreso, B.C., MX",earthquake,0.54,0.69,,0,reviewed,ci,ci
2010-05-19T00:38:59.780Z,32.6601667,-115.8253333,8.913,4.53,mw,32,80,0.008128,0.18,ci,ci10671989,2016-03-10T16:48:36.084Z,"18km ESE of Ocotillo, CA",earthquake,0.55,0.61,,0,reviewed,ci,ci
2010-05-08T18:46:27.460Z,32.6755,-115.8101667,2.383,4.68,mw,43,88,0.02652,0.18,ci,ci10657549,2016-03-10T10:42:47.012Z,"18km ESE of Ocotillo, CA",earthquake,0.32,0.52,,7,reviewed,ci,ci
2010-05-08T18:33:10.750Z,32.6815,-115.7971667,5.955,4.8,mw,54,97,0.02883,0.24,ci,ci10657533,2016-03-10T16:45:33.239Z,"19km ESE of Ocotillo, CA",earthquake,0.37,31.61,,0,reviewed,ci,ci
2010-05-04T11:26:32.050Z,32.2636667,-115.2866667,14.059,4.68,ml,21,224,0.1562,0.26,ci,ci14692836,2016-03-10T18:18:55.828Z,"12km WNW of Alberto Oviedo Mota, B.C., MX",earthquake,1.56,1.04,0.156,193,reviewed,ci,ci
2010-04-27T10:55:35.720Z,32.6921667,-115.8465,3.278,4.83,ml,43,56,0.02767,0.23,ci,ci14682004,2016-03-10T09:09:43.168Z,"14km ESE of Ocotillo, CA",earthquake,0.3,0.46,0.183,369,reviewed,ci,ci
2010-04-22T17:12:13.050Z,32.6595,-115.8075,5.315,4.63,ml,40,125,0.0165,0.21,ci,ci10629477,2016-03-10T01:39:06.970Z,"19km ESE of Ocotillo, CA",earthquake,0.41,0.34,0.133,408,reviewed,ci,ci
2010-04-22T14:22:03.390Z,32.6703333,-115.8073333,4.945,4.6,ml,37,100,0.02354,0.21,ci,ci10629213,2016-03-10T21:47:56.248Z,"19km ESE of Ocotillo, CA",earthquake,0.4,0.3,0.156,398,reviewed,ci,ci
2010-04-15T23:59:38.000Z,41.703,-111.09,7.9,4.6,mwc,357,10.4,,,us,usp000hbfd,2015-02-11T17:19:22.000Z,"Utah",earthquake,,,,,reviewed,slc,gcmt
2010-04-15T10:20:46.910Z,32.096,-115.0111667,16.603,4.73,mw,7,311,0.2135,0.08,ci,ci10612285,2016-03-10T03:02:54.426Z,"11km S of Estacion Coahuila, B.C., MX",earthquake,2.62,1.51,,6,reviewed,ci,ci
2010-04-10T09:12:28.030Z,32.6753333,-115.7581667,9.715,4.5,mw,45,55,0.00853,0.2,ci,ci10597061,2016-03-10T01:31:19.910Z,"20km WNW of Progreso, B.C., MX",earthquake,0.35,0.52,,0,reviewed,ci,ci
2010-04-09T23:05:42.000Z,32.1818333,-115.245,12.267,4.7,mw,21,247,0.187,0.16,ci,ci10595133,2016-03-10T08:58:46.511Z,"9km SW of Alberto Oviedo Mota, B.C., MX",earthquake,1.16,1.37,,0,reviewed,ci,ci
2010-04-08T16:44:25.010Z,32.1646667,-115.2683333,9.985,5.29,mw,20,249,0.4901,0.2,ci,ci10589037,2016-03-10T23:09:46.820Z,"12km SW of Alberto Oviedo Mota, B.C., MX",earthquake,1.52,31.61,,6,reviewed,ci,ci
2010-04-06T10:06:37.750Z,32.6651667,-115.8106667,1.733,4.51,ml,39,158,0.07283,0.23,ci,ci14618772,2016-03-10T17:57:36.319Z,"19km ESE of Ocotillo, CA",earthquake,0.46,0.67,0.13,209,reviewed,ci,ci
2010-04-06T08:12:23.620Z,31.8315,-115.0126667,9.961,4.67,ml,9,289,0.8188,0.16,ci,ci14618236,2016-03-10T04:23:21.034Z,"40km S of Estacion Coahuila, B.C., MX",earthquake,5.92,31.61,0.152,273,reviewed,ci,ci
2010-04-06T04:12:21.260Z,32.5936667,-115.7738333,3.983,4.56,ml,34,195,0.06844,0.23,ci,ci14617100,2016-03-10T14:46:06.234Z,"18km W of Progreso, B.C., MX",earthquake,0.45,0.53,0.132,174,reviewed,ci,ci
2010-04-06T01:23:00.820Z,32.2151667,-115.0715,9.994,4.51,ml,7,263,0.5276,0.4,ci,ci14616380,2016-03-10T05:58:23.592Z,"7km WNW of Estacion Coahuila, B.C., MX",earthquake,4.77,31.61,0.229,189,reviewed,ci,ci
2010-04-05T13:33:05.360Z,32.6401667,-115.8018333,0.002,4.73,mw,36,188,0.06431,0.23,ci,ci14613212,2016-03-10T16:23:49.277Z,"21km ESE of Ocotillo, CA",earthquake,0.51,0.83,,6,reviewed,ci,ci
2010-04-05T11:14:14.890Z,32.6638333,-115.8088333,13.653,4.93,mw,37,160,0.07104,0.29,ci,ci14612516,2016-03-10T07:23:47.858Z,"19km ESE of Ocotillo, CA",earthquake,0.73,0.84,,0,reviewed,ci,ci
2010-04-05T03:15:24.770Z,32.6465,-115.8055,1.243,4.96,ml,35,181,0.06681,0.21,ci,ci14609660,2016-03-10T16:22:54.673Z,"20km ESE of Ocotillo, CA",earthquake,0.71,0.9,0.142,178,reviewed,ci,ci
2010-04-05T02:47:27.410Z,32.2851667,-115.3025,10.003,4.51,ml,15,239,0.5262,0.19,ci,ci30389759,2016-03-09T23:50:54.814Z,"13km SW of Delta, B.C., MX",earthquake,1.36,31.61,0.169,198,reviewed,ci,ci
2010-04-05T01:52:25.420Z,32.5933333,-115.7733333,4.085,4.68,ml,35,195,0.1369,0.23,ci,ci14608980,2016-03-10T04:21:03.120Z,"18km W of Progreso, B.C., MX",earthquake,0.64,0.67,0.159,74,reviewed,ci,ci
2010-04-05T01:25:34.670Z,32.1445,-115.1148333,10.015,4.64,mw,9,302,0.7162,0.19,ci,ci30213759,2016-03-10T05:55:58.330Z,"11km SSE of Alberto Oviedo Mota, B.C., MX",earthquake,1.51,31.61,,0,reviewed,ci,ci
2010-04-05T00:07:07.920Z,31.9788333,-115.1341667,9.994,5.22,ml,9,276,0.7555,0.38,ci,ci10148002,2016-03-10T10:19:37.359Z,"27km SSW of Estacion Coahuila, B.C., MX",earthquake,7.67,31.61,0.156,123,reviewed,ci,ci
2010-04-04T23:37:33.490Z,32.4623333,-115.5978333,9.966,4.7,ml,22,244,0.2158,0.25,ci,ci14607972,2016-03-10T21:27:54.418Z,"13km S of Progreso, B.C., MX",earthquake,1.16,31.61,0.156,181,reviewed,ci,ci
2010-04-04T23:25:07.190Z,32.2661667,-115.2925,9.987,5.38,mw,10,278,0.5296,0.3,ci,ci14607924,2016-03-10T10:19:31.451Z,"12km WNW of Alberto Oviedo Mota, B.C., MX",earthquake,3.12,31.61,,6,reviewed,ci,ci
2010-04-04T23:17:13.080Z,32.2211667,-115.2906667,9.995,4.56,ml,8,259,0.5639,0.22,ci,ci10169094,2016-03-10T08:49:26.422Z,"11km W of Alberto Oviedo Mota, B.C., MX",earthquake,2.61,31.61,0.11,11,reviewed,ci,ci
2010-04-04T23:15:14.240Z,32.3,-115.2595,9.987,5.43,mw,8,254,0.4955,0.23,ci,ci14607836,2016-03-09T23:50:41.115Z,"9km SW of Delta, B.C., MX",earthquake,1.8,31.61,,4,reviewed,ci,ci
2010-04-04T23:09:40.110Z,32.204,-115.3328333,9.979,4.79,ml,9,284,0.6059,0.17,ci,ci14607820,2016-03-10T05:55:43.246Z,"16km W of Alberto Oviedo Mota, B.C., MX",earthquake,2.12,31.61,0.18,305,reviewed,ci,ci
2010-04-04T22:50:17.120Z,32.0986667,-115.0481667,10.011,5.7,mw,5,296,0.7811,0.33,ci,ci31957759,2016-03-10T08:49:23.877Z,"12km SSW of Estacion Coahuila, B.C., MX",earthquake,3.14,31.61,,4,reviewed,ci,ci
2010-04-04T22:43:00.430Z,32.4533333,-115.632,9.981,5.26,ml,16,239,0.3162,0.26,ci,ci10184394,2016-03-10T16:22:28.400Z,"15km SSW of Progreso, B.C., MX",earthquake,1,31.61,0.11,13,reviewed,ci,ci
2010-04-04T22:40:42.360Z,32.2861667,-115.2953333,9.987,7.2,mw,10,239,0.5137,0.11,ci,ci14607652,2016-07-23T17:06:02.663Z,"12km SW of Delta, B.C., MX",earthquake,1.81,31.61,,0,reviewed,ci,ci
2010-03-30T09:14:10.460Z,31.276,-114.049,10,4.6,mb,38,160.6,,1.17,us,usp000ha4x,2014-11-07T01:41:06.521Z,"Baja California-Sonora border region, Mexico",earthquake,,,,8,reviewed,us,us
2010-03-06T08:47:37.870Z,40.32,-124.733,12.543,4.5,mh,6,293,5.654,0.07,ci,ci14597412,2016-03-10T05:53:51.443Z,"49km SW of Ferndale, CA",earthquake,4.68,31.61,,0,reviewed,ci,ci
2010-03-06T08:46:24.020Z,40.327,-124.705,12.4,4.5,mwr,133,165.4,,,us,usp000h8tp,2015-01-28T12:47:00.405Z,"offshore Northern California",earthquake,,,,,reviewed,nc,brk
2010-02-04T20:20:18.530Z,40.431,-124.929,6.929,6,mh,7,341,3.68,0.56,ci,ci14585316,2016-03-10T14:38:52.991Z,"58km WSW of Ferndale, CA",earthquake,99,31.61,,0,reviewed,ci,ci
2010-01-10T00:27:39.320Z,40.652,-124.692,29.3,6.5,mwc,330,31.4,,,us,usp000h5we,2016-05-03T15:28:05.597Z,"offshore Northern California",earthquake,,,,,reviewed,nc,us
2009-12-30T18:53:23.960Z,32.5323333,-115.2081667,5.986,4.77,ml,21,193,0.2792,0.34,ci,ci14565636,2016-03-09T03:31:12.961Z,"14km ESE of Puebla, B.C., MX",earthquake,1.75,31.61,0.12,302,reviewed,ci,ci
2009-12-30T18:48:57.330Z,32.464,-115.1891667,5.971,5.8,mw,19,205,0.324,0.39,ci,ci14565620,2016-03-09T07:50:29.755Z,"12km N of Delta, B.C., MX",earthquake,1.83,31.61,,7,reviewed,ci,ci
2009-11-16T21:21:30.630Z,35.5485,-117.2745,1.248,4.6,ml,54,46,0.0771,0.23,ci,ci10497821,2016-03-09T15:34:59.824Z,"26km SSE of Trona, CA",earthquake,0.28,0.64,0.135,377,reviewed,ci,ci
2009-10-03T05:31:57.720Z,36.39,-117.8635,0.08,4.66,ml,36,51,0.1674,0.25,ci,ci14520476,2016-03-09T09:06:10.686Z,"18km NE of Olancha, CA",earthquake,0.37,0.9,0.131,399,reviewed,ci,ci
2009-10-03T01:16:00.310Z,36.391,-117.8608333,-1.77,5.19,mw,36,50,0.1658,0.33,ci,ci14519780,2016-03-09T11:53:25.680Z,"18km NE of Olancha, CA",earthquake,0.46,1.22,,6,reviewed,ci,ci
2009-10-03T01:10:26.100Z,36.3863333,-117.8681667,1.688,4.85,ml,23,52,0.172,0.28,ci,ci14519764,2016-03-09T06:14:31.824Z,"17km NE of Olancha, CA",earthquake,0.37,31.61,0.135,372,reviewed,ci,ci
2009-10-03T01:09:19.140Z,36.391,-117.8638333,0.7,4.74,ml,36,51,0.1665,0.26,ci,ci14519756,2016-03-09T04:49:02.810Z,"18km NE of Olancha, CA",earthquake,0.42,0.95,0.164,185,reviewed,ci,ci
2009-10-01T10:01:24.670Z,36.3878333,-117.8586667,3.985,5,mw,34,49,0.1683,0.32,ci,ci14517500,2016-03-09T03:23:22.613Z,"18km NE of Olancha, CA",earthquake,0.49,31.61,,0,reviewed,ci,ci
2009-09-19T22:55:17.840Z,32.3706667,-115.2611667,9.987,5.08,mw,27,261,0.4352,0.42,ci,ci14512436,2016-03-09T15:27:27.713Z,"7km WNW of Delta, B.C., MX",earthquake,1.89,31.61,,5,reviewed,ci,ci
2009-08-07T10:49:34.720Z,40.31,-124.637,16.9,5,mwc,124,111,,,us,usp000h026,2015-02-11T17:19:10.000Z,"offshore Northern California",earthquake,,,,,reviewed,nc,gcmt
2009-05-23T22:58:32.940Z,36.3961667,-117.8376667,-0.64,4.73,ml,38,52,0.1564,0.25,ci,ci14462064,2016-07-08T00:17:51.640Z,"20km NE of Olancha, CA",earthquake,0.38,0.94,0.138,385,reviewed,ci,ci
2009-05-18T03:39:36.340Z,33.9376667,-118.3356667,13.817,4.7,mw,123,44,,0.34,ci,ci10410337,2016-03-09T10:21:00.466Z,"2km E of Lennox, CA",earthquake,0.29,0.49,,0,reviewed,ci,ci
2009-03-24T11:55:43.930Z,33.3171667,-115.7281667,6.003,4.77,ml,77,37,0.03561,0.26,ci,ci14433456,2016-03-09T17:06:09.601Z,"4km S of Bombay Beach, CA",earthquake,0.28,1.34,0.127,346,reviewed,ci,ci
2009-01-30T13:25:03.760Z,47.7865,-122.5846667,62.24,4.67,ml,77,27,0.0526,0.52,uw,uw10763723,2016-07-13T22:41:35.800Z,"Seattle-Tacoma urban area, Washington",earthquake,0.83,0.99,0.188,144,reviewed,uw,uw
2008-12-28T05:17:07.470Z,32.5681667,-115.5428333,10.01,4.52,ml,39,187,0.1748,0.91,ci,ci10368325,2016-03-08T17:59:26.576Z,"4km ESE of Progreso, B.C., MX",earthquake,2.92,31.61,0.15,375,reviewed,ci,ci
2008-12-26T12:19:40.036Z,39.9582,-120.8697,9.7,4.8,ml,22,55.39,0.467,0.1369,nn,nn00270122,2015-11-26T01:08:35.412Z,"3km NE of East Quincy, California",earthquake,2.58,3,0.16,3,reviewed,nn,nn
2008-12-06T04:18:42.850Z,34.8133333,-116.4188333,6.37,5.06,mw,48,65,0.07081,0.19,ci,ci14408052,2016-03-09T04:29:00.051Z,"26km WNW of Ludlow, CA",earthquake,0.21,0.78,,6,reviewed,ci,ci
2008-11-20T19:23:00.190Z,32.3288333,-115.3318333,6.006,4.98,ml,29,228,0.4619,1.28,ci,ci14404512,2016-03-08T22:47:12.977Z,"13km WSW of Delta, B.C., MX",earthquake,4.32,31.61,0.129,246,reviewed,ci,ci
2008-11-16T05:43:15.590Z,40.3138333,-124.6026667,18.59,4.6,mh,15,340,2.014,2.64,ci,ci10101522,2016-03-09T13:12:17.170Z,"41km SW of Ferndale, CA",earthquake,44.6,31.61,,0,reviewed,ci,ci
2008-10-26T09:26:50.760Z,40.318,-124.612,19.8,4.9,mwr,62,191.8,,,us,usp000gm2e,2015-01-28T20:21:30.507Z,"offshore Northern California",earthquake,,,,,reviewed,nc,brk
2008-09-05T21:54:33.590Z,32.3468333,-115.2295,14.987,4.63,ml,26,225,0.4423,0.72,ci,ci10347253,2016-03-08T22:42:47.035Z,"4km WSW of Delta, B.C., MX",earthquake,2.4,31.61,0.118,245,reviewed,ci,ci
2008-08-17T05:56:59.000Z,41.183,-124.197,17,4.6,mwr,181,153.6,,,us,usp000gev3,2015-01-28T07:15:11.820Z,"offshore Northern California",earthquake,,,,,reviewed,nc,brk
2008-07-29T18:42:15.670Z,33.9485,-117.7663333,15.503,5.44,mw,136,17,0.08724,0.3,ci,ci14383980,2016-05-02T16:06:19.118Z,"5km S of Chino Hills, CA",earthquake,0.19,0.52,,6,reviewed,ci,ci
2008-04-30T03:03:06.900Z,40.836,-123.497,29.1,5.4,mwc,404,53.4,,,us,usp000g559,2016-02-10T22:30:14.926Z,"Northern California",earthquake,,,,,reviewed,nc,gcmt
2008-04-26T06:40:19.120Z,38.6103333,-119.1331667,3.535,4.7,mh,5,253,0.7747,0.51,ci,ci10320621,2016-03-09T08:33:55.984Z,"27km SE of Smith Valley, NV",earthquake,2.84,31.61,,0,reviewed,ci,ci
2008-04-26T06:40:10.453Z,39.5231,-119.9393,2.8,5.1,ml,35,39.56,0.008,0.122,nn,nn00385392,2016-03-09T17:09:51.624Z,"1km NW of Mogul, Nevada",earthquake,0.57,0.5,0.13,2,reviewed,nn,nn
2008-04-01T13:16:17.213Z,41.2285,-114.84,11,4.8,ml,8,92.48,0.196,0.1017,nn,nn00239974,2015-12-16T23:53:14.880Z,"16km NE of Wells, Nevada",earthquake,2.76,4.2,0.33,6,reviewed,nn,nn
2008-02-27T07:59:38.206Z,41.1876,-114.8318,9.2,4.8,ml,13,141.77,0.038,0.1435,nn,nn00236032,2015-11-17T10:04:18.178Z,"13km NE of Wells, Nevada",earthquake,1.83,1.2,0.37,4,reviewed,nn,nn
2008-02-22T23:27:45.164Z,41.1276,-114.9269,11.1,4.8,ml,9,132.31,0.019,0.1375,nn,nn00235053,2015-11-17T10:29:16.585Z,"3km ENE of Wells, Nevada",earthquake,3.89,1.7,0.42,6,reviewed,nn,nn
2008-02-22T19:33:52.140Z,32.3901667,-115.2698333,5.982,4.58,ml,18,263,0.4401,0.47,ci,ci12330895,2016-03-09T07:04:59.210Z,"8km WNW of Delta, B.C., MX",earthquake,1.46,31.61,0.218,40,reviewed,ci,ci
2008-02-22T19:31:18.480Z,32.421,-115.2853333,6.001,4.78,ml,33,213,0.4067,0.46,ci,ci14352012,2016-03-09T14:40:46.461Z,"11km NW of Delta, B.C., MX",earthquake,1.21,31.61,0.117,233,reviewed,ci,ci
2008-02-21T23:57:50.977Z,41.1472,-114.933,12.5,4.8,ml,7,135.43,0.306,0.1077,nn,nn00234666,2015-11-25T21:45:52.352Z,"4km NNE of Wells, Nevada",earthquake,5.17,13.8,0.18,6,reviewed,nn,nn
2008-02-21T14:34:55.538Z,41.137,-114.8398,0,5.1,ml,7,138.75,0.322,0.3244,nn,nn00517570,2015-11-16T20:00:35.791Z,"10km ENE of Wells, Nevada",earthquake,2.95,,0.33,6,reviewed,nn,nn
2008-02-21T14:20:51.682Z,41.1056,-114.8895,6.8,4.7,ml,9,91.36,0.278,0.2605,nn,nn00235990,2015-11-17T10:10:24.784Z,"6km E of Wells, Nevada",earthquake,2.07,4.4,0.45,8,reviewed,nn,nn
2008-02-21T14:16:02.821Z,41.1444,-114.8721,7.9,6.2,ml,18,95.21,0.318,0.1855,nn,nn00234425,2016-08-16T20:04:53.000Z,"8km ENE of Wells, Nevada",earthquake,1.61,1.9,0.15,4,reviewed,nn,nn
2008-02-20T01:28:55.450Z,32.4261667,-115.3063333,6.001,4.83,ml,33,212,0.3962,0.53,ci,ci14351300,2016-03-09T04:11:30.881Z,"13km NW of Delta, B.C., MX",earthquake,1.52,31.61,0.117,256,reviewed,ci,ci
2008-02-19T22:41:29.660Z,32.4325,-115.313,6.006,5.01,mw,32,210,0.3885,0.55,ci,ci14351140,2016-03-09T16:32:59.643Z,"14km NW of Delta, B.C., MX",earthquake,1.58,31.61,,6,reviewed,ci,ci
2008-02-12T04:32:39.240Z,32.4475,-115.3175,6.018,4.97,mw,29,208,0.3731,0.44,ci,ci14348588,2016-03-09T05:35:17.750Z,"13km SSE of Puebla, B.C., MX",earthquake,1.47,31.61,,6,reviewed,ci,ci
2008-02-11T18:29:30.530Z,32.3271667,-115.2568333,6.001,5.1,mw,28,228,0.5031,1.04,ci,ci14348196,2016-03-09T14:39:27.872Z,"7km WSW of Delta, B.C., MX",earthquake,4.91,31.61,,6,reviewed,ci,ci
2008-02-09T07:12:04.550Z,32.3595,-115.2773333,6.001,5.1,mw,31,222,0.467,1.4,ci,ci14346868,2016-03-08T19:15:41.581Z,"8km W of Delta, B.C., MX",earthquake,5.62,31.61,,6,reviewed,ci,ci
2008-01-19T23:13:05.430Z,40.178,-122.703,2.9,4.9,mwc,191,110.3,,,us,usp000fx29,2015-02-11T17:18:46.000Z,"Northern California",earthquake,,,,,reviewed,nc,gcmt
2008-01-19T17:18:46.480Z,40.175,-122.755,10.1,4.5,mwr,70,112.1,,,us,usp000fx1e,2015-01-28T23:04:16.777Z,"Northern California",earthquake,,,,,reviewed,nc,brk
2007-10-31T03:04:54.810Z,37.434,-121.774,10,5.6,mwc,282,75,,,us,usp000frne,2016-02-11T02:34:08.001Z,"San Francisco Bay area, California",earthquake,,,,,reviewed,nc,gcmt
2007-09-02T17:29:14.790Z,33.7321667,-117.477,12.192,4.73,ml,136,54,,0.32,ci,ci10275733,2016-03-08T20:52:04.122Z,"13km NE of Trabuco Canyon, CA",earthquake,0.27,0.55,0.137,396,reviewed,ci,ci
2007-08-09T07:58:49.590Z,34.2995,-118.6195,7.062,4.66,ml,111,24,0.0442,0.3,ci,ci14312160,2016-03-09T12:36:26.624Z,"5km NNW of Chatsworth, CA",earthquake,0.24,1.05,0.177,355,reviewed,ci,ci
2007-08-06T05:59:45.100Z,37.761,-114.339,3.368,4.5,mh,36,278,1.414,7.27,ci,ci14311588,2016-03-09T12:36:19.051Z,"22km NE of Caliente, NV",earthquake,25.81,31.61,,0,reviewed,ci,ci
2007-06-25T02:32:24.620Z,41.116,-124.824,3.4,5,mwc,269,174.7,,,us,usp000fes2,2015-03-24T01:59:26.439Z,"offshore Northern California",earthquake,,,,,reviewed,nc,gcmt
2007-06-12T07:23:43.590Z,37.5371667,-118.879,2.667,4.6,mh,13,73,,0.22,ci,ci14297516,2016-03-08T18:59:38.431Z,"14km SE of Mammoth Lakes, CA",earthquake,0.7,31.61,,0,reviewed,ci,ci
2007-05-09T08:07:31.340Z,40.384,-124.955,0,4.5,mwr,62,201.4,,,us,usp000fbk5,2015-03-24T00:49:48.053Z,"offshore Northern California",earthquake,,,,,reviewed,nc,brk
2007-05-09T07:50:05.870Z,40.3763333,-125.0445,0.143,5.2,mh,6,337,0.8896,4.41,ci,ci14289688,2016-03-09T05:20:29.647Z,"70km WSW of Ferndale, CA",earthquake,99,31.61,,0,reviewed,ci,ci
2007-04-18T08:42:22.330Z,39.465,-123.106,6,4.8,mwr,129,121.1,,,us,usp000f9zk,2015-01-28T09:58:55.295Z,"Northern California",earthquake,,,,,reviewed,nc,brk
2007-03-09T03:17:32.900Z,38.4005,-119.4003333,-1.41,4.76,ml,3,263,0.8584,0.3,ci,ci10234857,2016-03-09T02:28:13.570Z,"43km S of Smith Valley, NV",earthquake,7.74,11.31,0.168,167,reviewed,ci,ci
2007-02-26T12:21:02.140Z,40.642,-124.87,4.957,5.4,mh,21,329,,69.32,ci,ci10233309,2016-03-09T08:10:39.568Z,"52km W of Ferndale, CA",earthquake,99,31.61,,0,reviewed,ci,ci
2007-02-26T12:19:54.480Z,40.643,-124.866,0,5.4,mwc,222,115.7,,,us,usp000f5ph,2015-02-11T17:18:31.000Z,"offshore Northern California",earthquake,,,,,reviewed,nc,gcmt
2006-11-03T15:56:43.050Z,32.676,-116.0481667,13.436,4.62,ml,48,145,0.04732,0.44,ci,ci10215753,2016-03-08T20:33:18.634Z,"8km SW of Ocotillo, CA",earthquake,0.48,0.64,0.173,378,reviewed,ci,ci
2006-10-08T02:48:26.650Z,46.8498333,-121.6001667,1.649,4.5,md,96,23,,0.35,uw,uw10701498,2016-09-01T18:41:38.012Z,"Washington",earthquake,0.336,0.63,0.04,18,reviewed,uw,uw
2006-08-03T03:08:10.480Z,38.4391667,-122.7961667,5.747,4.69,ml,14,209,0.2815,0.53,ci,ci14244292,2016-03-08T22:01:49.644Z,"5km NNE of Sebastopol, CA",earthquake,3.51,31.61,0.179,181,reviewed,ci,ci
2006-07-19T11:41:40.920Z,40.281,-124.426,11.84,5,mh,6,253,,0.53,ci,ci14241368,2016-03-08T23:27:19.211Z,"36km SSW of Ferndale, CA",earthquake,2.76,31.61,,0,reviewed,ci,ci
2006-06-15T12:24:51.440Z,37.1073333,-121.465,6.686,4.54,ml,6,122,,0.31,ci,ci14233416,2016-04-27T15:14:44.324Z,"13km E of San Martin, CA",earthquake,1.7,20.76,0.135,157,reviewed,ci,ci
2006-05-24T04:20:26.010Z,32.3066667,-115.2278333,6.006,5.37,mw,21,263,0.4775,0.36,ci,ci12245763,2016-03-09T00:48:32.894Z,"6km SSW of Delta, B.C., MX",earthquake,1.86,31.61,0.221,0,reviewed,ci,ci
2006-03-26T01:56:37.970Z,40.273,-124.412,23.3,4.6,mwr,54,189.1,,,us,usp000ecyv,2015-01-28T11:33:45.928Z,"offshore Northern California",earthquake,,,,,reviewed,nc,brk
2005-12-23T21:38:32.920Z,40.427,-125.346,3.7,4.6,mwr,95,187.3,,,us,usp000e6qm,2015-01-28T23:17:20.217Z,"offshore Northern California",earthquake,,,,,reviewed,nc,brk
2005-10-31T00:23:30.930Z,44.874,-113.399,5,4.5,mwc,48,61.5,,0.73,us,usp000e365,2015-03-24T00:45:43.157Z,"western Montana",earthquake,,,,,reviewed,us,hrv
2005-10-16T21:11:35.010Z,32.4545,-118.1633333,9.778,4.99,ml,20,244,0.6157,0.38,ci,ci10147909,2016-03-07T20:00:52.205Z,"44km SSE of San Clemente Is. (SE tip), CA",earthquake,1.44,31.61,0.111,386,reviewed,ci,ci
2005-09-22T20:24:48.620Z,35.0433333,-119.0143333,10.005,4.69,mw,107,18,,0.41,ci,ci14186612,2016-03-08T00:14:01.760Z,"14km NW of Grapevine, CA",earthquake,0.31,0.71,0.232,0,reviewed,ci,ci
2005-09-02T01:27:19.590Z,33.1533333,-115.6463333,1.207,5.11,mw,39,52,0.03525,0.33,ci,ci14179736,2016-03-07T19:56:47.604Z,"13km WNW of Calipatria, CA",earthquake,0.33,0.86,0.242,0,reviewed,ci,ci
2005-09-02T01:27:18.610Z,33.1748333,-115.6311667,4.977,4.5,mh,60,32,0.01097,0.36,ci,ci12217067,2016-03-07T23:29:02.952Z,"12km WNW of Calipatria, CA",earthquake,0.49,0.78,,0,reviewed,ci,ci
2005-08-31T23:32:11.040Z,33.1896667,-115.603,4.267,4.57,ml,55,44,0.01613,0.4,ci,ci14178248,2016-03-08T00:52:26.768Z,"10km SW of Niland, CA",earthquake,0.5,0.75,0.142,170,reviewed,ci,ci
2005-08-31T22:47:45.530Z,33.1663333,-115.6351667,4.003,4.63,ml,45,67,0.0198,0.27,ci,ci14178184,2016-03-07T22:26:21.646Z,"12km WNW of Calipatria, CA",earthquake,0.27,31.61,0.131,153,reviewed,ci,ci
2005-07-26T04:08:37.160Z,45.365,-112.615,12.9,5.6,mwc,458,25.7,,0.74,us,usp000dvxx,2016-10-21T20:26:00.841Z,"western Montana",earthquake,,,,,reviewed,us,hrv
2005-06-26T18:45:57.075Z,39.3097,-120.0602,9.7,4.5,ml,40,34.1,0.025,0.1184,nn,nn00146980,2015-11-17T20:57:54.830Z,"7km N of Tahoe Vista, California",earthquake,0.44,1,0,1,reviewed,nn,nn
2005-06-16T20:53:26.020Z,34.058,-117.0113333,10.558,4.88,mw,149,18,,0.29,ci,ci14155260,2016-03-07T21:18:17.630Z,"4km NE of Yucaipa, CA",earthquake,0.21,0.46,,6,reviewed,ci,ci
2005-06-12T15:41:46.520Z,33.5325,-116.5666667,13.051,5.2,mw,96,19,0.04319,0.21,ci,ci14151344,2016-03-07T21:38:22.878Z,"10km ESE of Anza, CA",earthquake,0.17,0.26,,0,reviewed,ci,ci
2005-05-16T07:24:38.070Z,35.8894997,-120.4753342,-0.254,4.65,ml,136,180,0.07733,0.27,ci,ci10100053,2016-03-08T00:25:06.710Z,"4km WSW of Parkfield, CA",earthquake,5.31,11.96,0.207,15,automatic,ci,ci
2005-04-16T19:18:13.400Z,35.0223333,-119.191,9.288,4.59,mw,73,62,,0.35,ci,ci14138080,2016-03-08T00:02:06.974Z,"20km ESE of Maricopa, CA",earthquake,0.31,1.64,,6,reviewed,ci,ci
2005-03-18T07:23:58.450Z,40.37,-124.973,17.5,4.9,mwc,168,114.4,,,us,usp000djex,2015-02-11T17:17:58.000Z,"offshore Northern California",earthquake,,,,,reviewed,nc,hrv
2005-03-02T11:12:57.420Z,34.715,-110.97,5,5.1,mb,30,55.1,,0.82,us,usp000dhc3,2015-03-24T00:43:43.447Z,"Arizona",earthquake,,,,2,reviewed,us,us
2004-12-12T09:13:33.570Z,40.697,-123.867,28.5,4.5,mwr,83,168.4,,,us,usp000dahe,2015-01-28T08:07:03.124Z,"Northern California",earthquake,,,,,reviewed,nc,brk
2004-11-29T01:54:14.300Z,35.9958344,-120.5145035,8.484,4.59,ml,134,180,0.05513,0.29,ci,ci10063349,2016-04-02T00:46:22.703Z,"13km NW of Parkfield, CA",earthquake,1.3,1.55,0.212,18,automatic,ci,ci
2004-09-30T18:54:30.280Z,35.9118347,-120.5333328,1.743,4.89,mw,163,146,0.03393,0.25,ci,ci14096196,2016-02-17T01:42:56.289Z,"9km W of Parkfield, California",earthquake,7.97,10.68,,6,automatic,ci,ci
2004-09-29T22:54:54.240Z,35.3898333,-118.6235,2.788,5.03,mw,71,18,,0.25,ci,ci14095628,2016-02-16T13:23:19.067Z,"25km SSW of Bodfish, California",earthquake,0.27,0.72,,6,reviewed,ci,ci
2004-09-29T17:10:04.960Z,35.8855019,-120.5058365,-0.457,5.04,mw,158,161,,0.25,ci,ci14095540,2016-02-16T23:14:36.339Z,"7km WSW of Parkfield, California",earthquake,5.6,14.26,,6,reviewed,ci,ci
2004-09-28T17:24:15.400Z,35.7966652,-120.3598328,-0.656,4.91,ml,84,164,0.2092,0.31,ci,ci14094996,2016-04-02T04:00:29.729Z,"10km NW of Cholame, CA",earthquake,0.95,1.79,0.144,16,automatic,ci,ci
2004-09-28T17:15:24.200Z,35.8182,-120.366,8.6,6,Mw,,25.2,0.01796631,0.04,nc,nc30228270,2016-04-02T00:42:21.072Z,"18km N of Shandon, California",earthquake,0.1,0.3,,4,reviewed,nc,nc
2004-09-20T16:51:05.040Z,38.0153351,-118.6463318,-2.42,4.72,ml,95,217,0.2781,0.11,ci,ci14092988,2016-04-02T07:15:06.135Z,"51km NE of Mammoth Lakes, CA",earthquake,1.05,12.57,0.433,4,automatic,ci,ci
2004-09-18T23:43:48.140Z,37.5709991,-118.879837,5.289,5.34,mw,101,124,0.06856,0.13,ci,ci14091884,2016-02-17T08:50:00.869Z,"11km SE of Mammoth Lakes, California",earthquake,8.43,14.14,,6,automatic,ci,ci
2004-09-18T23:02:18.400Z,37.9973333,-118.6796667,3.65,5.42,mw,10,211,0.2936,0.11,ci,ci14091792,2016-02-17T13:32:12.690Z,"48km NNE of Mammoth Lakes, California",earthquake,1.04,14.07,,7,reviewed,ci,ci
2004-08-30T04:30:57.070Z,36.493,-121.3134995,5.153,4.61,ml,79,209,0.2911,0.3,ci,ci14088052,2016-04-02T13:42:19.390Z,"8km N of Soledad, CA",earthquake,19.39,8.59,0.174,2,automatic,ci,ci
2004-08-19T06:06:03.630Z,44.6645,-124.3003333,27.274,4.7,md,23,212,,0.29,uw,uw10613523,2016-09-01T18:41:30.435Z,"offshore Oregon",earthquake,1.284,0.75,0.04,19,reviewed,uw,uw
2004-07-12T16:45:00.780Z,44.3338333,-124.4888333,28.75,4.9,md,18,247,0.4973,0.24,uw,uw10609208,2016-09-01T18:41:28.396Z,"offshore Oregon",earthquake,1.418,0.75,0.05,2,reviewed,uw,uw
2004-06-15T22:28:48.190Z,32.3428333,-117.9141667,9.824,4.98,mw,10,249,0.7503,0.79,ci,ci14065544,2016-04-02T10:21:54.531Z,"67km SE of San Clemente Is. (SE tip), CA",earthquake,3.45,31.61,,6,reviewed,ci,ci
2004-05-16T01:29:39.270Z,37.28,-114.84,0,4.5,ml,60,35.2,,,us,usp000cv5v,2015-01-29T21:42:13.614Z,"Nevada",earthquake,,,,,reviewed,ren,ren
2004-02-18T20:37:46.000Z,38.834,-122.765,3.6,4.5,mwr,50,136.2,,,us,usp000cmgw,2015-01-28T10:59:38.520Z,"Northern California",earthquake,,,,,reviewed,nc,brk
2003-12-23T18:17:11.750Z,35.6486667,-121.0658333,5.086,4.63,ml,8,243,0.4137,0.13,ci,ci9967901,2016-04-02T00:33:24.362Z,"10km N of Cambria, CA",earthquake,1.75,16.73,0.193,131,reviewed,ci,ci
2003-12-22T19:53:30.200Z,35.6511667,-121.0716667,6.514,4.69,ml,9,244,0.4177,0.21,ci,ci9966477,2016-04-02T13:15:24.247Z,"10km N of Cambria, CA",earthquake,2.23,19.47,0.214,12,reviewed,ci,ci
2003-12-22T19:15:55.900Z,35.7188333,-121.1571667,11.534,6.48,mw,9,258,,0.14,ci,ci9966449,2016-04-02T19:35:49.492Z,"18km NNW of Cambria, CA",earthquake,0.88,9.55,,6,reviewed,ci,ci
2003-11-23T12:19:59.750Z,40.729,-115.148,10,4.5,mb,30,60.2,,0.57,us,usp000cdrc,2015-03-24T01:56:07.887Z,"Nevada",earthquake,,,,4,reviewed,us,us
2003-10-09T06:11:34.140Z,41.075,-125.158,2.5,4.5,mwr,105,160.2,,,us,usp000c9z8,2015-01-29T03:16:34.375Z,"offshore Northern California",earthquake,,,,,reviewed,nc,brk
2003-04-25T10:02:12.710Z,47.6705,-123.25,50.513,4.8,md,85,53,,0.18,uw,uw10583988,2016-09-01T18:41:18.787Z,"Olympic Peninsula, Washington",earthquake,0.347,0.59,0.04,8,reviewed,uw,uw
2003-04-17T01:04:19.000Z,39.516,-111.857,0.3,4.7,mb,60,76.8,,,us,usp000bvbj,2014-11-07T01:18:21.513Z,"Utah",earthquake,,,,2,reviewed,slc,us
2003-03-11T19:28:17.910Z,34.3591667,-116.1331667,3.069,4.64,ml,69,32.2,,0.26,ci,ci13945908,2016-04-02T13:01:59.388Z,"25km NNW of Twentynine Palms, CA",earthquake,0.22,0.44,0.968,132,reviewed,ci,ci
2003-02-25T04:03:04.800Z,34.3155,-116.8445,1.099,4.61,ml,100,17.8,,0.27,ci,ci13938812,2016-04-01T20:46:07.006Z,"6km N of Big Bear City, CA",earthquake,0.19,0.46,0.943,132,reviewed,ci,ci
2003-02-22T19:33:45.800Z,34.3096667,-116.8503333,1.409,4.5,ml,89,17.8,,0.23,ci,ci13936812,2016-04-02T16:00:45.096Z,"5km N of Big Bear City, CA",earthquake,0.2,0.43,0.558,133,reviewed,ci,ci
2003-02-22T12:19:10.920Z,34.312,-116.8448333,5.589,4.99,mw,93,35,,0.32,ci,ci13935988,2016-04-02T19:06:38.656Z,"6km N of Big Bear City, CA",earthquake,0.16,0.56,,6,reviewed,ci,ci
2003-02-07T10:34:04.830Z,31.6281667,-115.5106667,7.545,4.99,ml,19,268,1.034,0.27,ci,ci9886485,2016-04-02T03:14:21.891Z,"74km SSW of Alberto Oviedo Mota, B.C., MX",earthquake,3.92,5.05,0.949,125,reviewed,ci,ci
2003-01-25T09:16:10.220Z,35.3175,-118.6538333,4.868,4.54,ml,55,44.8,0.1924,0.24,ci,ci9882329,2016-04-02T19:12:20.289Z,"20km NE of Arvin, CA",earthquake,0.27,23.57,0.983,130,reviewed,ci,ci
2002-12-10T21:04:00.690Z,32.2316667,-115.7981667,6.777,4.84,ml,21,218.5,,0.23,ci,ci13917260,2016-04-02T16:05:47.925Z,"44km SSW of Progreso, B.C., MX",earthquake,1.99,20.35,1.178,104,reviewed,ci,ci
2002-10-29T14:16:54.080Z,34.8026667,-116.2665,3.67,4.77,ml,31,51.1,,0.2,ci,ci9854597,2016-04-02T06:09:44.410Z,"13km NW of Ludlow, CA",earthquake,0.32,0.54,0.543,130,reviewed,ci,ci
2002-09-03T07:08:51.840Z,33.9123333,-117.7833333,9.371,4.78,ml,141,19,,0.31,ci,ci9818433,2016-04-02T15:37:07.714Z,"4km NE of Yorba Linda, CA",earthquake,0.18,0.39,0.185,166,reviewed,ci,ci
2002-08-17T16:06:27.000Z,49.96,-120.29,10,4.5,mb,108,,,,us,usp000ba34,2014-11-07T01:16:17.298Z,"British Columbia, Canada",earthquake,,,,23,reviewed,pgc,us
2002-06-29T14:36:04.790Z,45.3348333,-121.6863333,4.915,4.5,md,41,37,,0.27,uw,uw10569358,2016-09-01T18:41:14.587Z,"Mount Hood area, Oregon",earthquake,0.071,0.11,0.03,50,reviewed,uw,uw
2002-06-17T16:55:07.440Z,40.828,-124.604,22,5.3,mwc,246,,,,us,usp000b6bw,2015-02-11T17:17:23.000Z,"offshore Northern California",earthquake,,,,,reviewed,nc,hrv
2002-06-14T12:40:45.360Z,36.7163333,-116.293,9.653,4.58,mw,30,173,0.522,0.31,ci,ci13657604,2016-04-01T23:24:45.868Z,"46km ESE of Beatty, NV",earthquake,1.42,1.87,,6,reviewed,ci,ci
2002-05-14T05:00:26.120Z,36.9259987,-121.8223343,-0.443,5,mw,46,287,,0.2,ci,ci13075448,2016-02-17T05:43:44.557Z,"4km ESE of La Selva Beach, California",earthquake,7.64,9.66,,6,automatic,ci,ci
2002-04-29T00:43:29.720Z,40.601,-124.455,29.8,4.6,mwr,89,,,,us,usp000b3cb,2015-01-28T10:45:47.577Z,"offshore Northern California",earthquake,,,,,reviewed,nc,brk
2002-03-16T21:33:23.820Z,33.666,-119.33,6.765,4.6,ml,39,122.5,0.4476,0.31,ci,ci12659440,2016-04-02T05:23:47.021Z,"33km NW of Santa Barbara Is., CA",earthquake,0.58,22.45,0.742,112,reviewed,ci,ci
2002-02-22T19:32:41.750Z,32.3188333,-115.3215,7.007,5.7,mw,20,217.5,0.4751,0.38,ci,ci12456384,2016-04-02T05:21:39.453Z,"13km WSW of Delta, B.C., MX",earthquake,2.44,31.95,,0,reviewed,ci,ci
2001-12-28T21:14:01.950Z,36.641,-121.251,6.8,4.6,mw,96,,,,us,usp000avf0,2015-01-28T10:24:47.411Z,"Central California",earthquake,,,,,reviewed,nc,brk
2001-12-09T01:42:26.450Z,32.0035,-115.01,7.041,4.89,ml,11,260.7,0.6714,0.3,ci,ci9732973,2016-04-02T14:54:25.370Z,"21km S of Estacion Coahuila, B.C., MX",earthquake,2.99,20.17,0.668,130,reviewed,ci,ci
2001-12-08T23:36:10.110Z,31.9976667,-115.0016667,6.981,5.7,mw,12,261.5,0.6721,0.3,ci,ci9732601,2016-10-21T16:49:03.027Z,"22km S of Estacion Coahuila, B.C., MX",earthquake,4.65,28,,6,reviewed,ci,ci
2001-10-31T07:56:16.630Z,33.5083333,-116.5143333,13.678,5.02,mw,78,18.2,0.07467,0.26,ci,ci9718013,2016-04-02T02:01:50.416Z,"16km ESE of Anza, CA",earthquake,0.26,0.34,,6,reviewed,ci,ci
2001-10-08T05:37:11.000Z,41.22,-115.85,0,4.6,ml,41,,,,us,usp000aqev,2014-11-07T01:13:57.452Z,"Nevada",earthquake,,,,,reviewed,ren,ren
2001-08-10T20:19:26.600Z,39.823,-120.646,17.8,5.2,mwc,146,,,,us,usp000am6r,2015-02-11T17:17:16.000Z,"Northern California",earthquake,,,,,reviewed,ren,hrv
2001-07-19T20:15:34.000Z,38.731,-111.521,3.7,4.5,mb,63,,,,us,usp000ajuq,2014-11-07T01:13:19.001Z,"Utah",earthquake,,,,7,reviewed,slc,us
2001-07-17T12:59:59.170Z,36.017,-117.8823333,-0.706,4.93,mw,33,98,0.01132,0.2,ci,ci9674213,2016-04-02T01:40:12.193Z,"7km ESE of Coso Junction, CA",earthquake,0.43,0.78,,6,reviewed,ci,ci
2001-07-17T12:07:26.100Z,36.0163333,-117.8743333,1.864,5.17,mw,39,37,,0.18,ci,ci9674049,2016-04-02T01:38:02.675Z,"7km ESE of Coso Junction, CA",earthquake,0.35,0.48,,6,reviewed,ci,ci
2001-06-10T13:19:11.290Z,47.1675,-123.5025,40.245,5,md,89,89,,0.29,uw,uw10529683,2016-09-01T18:41:07.280Z,"Olympic Peninsula, Washington",earthquake,0.489,0.39,0.03,9,reviewed,uw,uw
2001-04-21T17:18:56.950Z,42.925,-111.395,0.8,5.3,mwc,298,,,,us,usp000adrg,2015-06-30T16:59:02.733Z,"southern Idaho",earthquake,,,,,reviewed,slc,hrv
2001-04-20T05:19:51.410Z,40.685,-125.317,2.9,4.8,mb,104,,,,us,usp000adn2,2014-11-07T01:12:36.876Z,"offshore Northern California",earthquake,,,,27,reviewed,nc,us
2001-02-28T18:54:32.830Z,47.149,-122.7266667,51.798,6.8,md,67,31,,0.2,uw,uw10530748,2016-10-11T13:54:56.781Z,"Puget Sound region, Washington",earthquake,0.517,0.92,0.03,0,reviewed,uw,uw
2001-02-10T21:05:05.780Z,34.2895,-116.9458333,7.611,4.66,mw,92,23,0.05891,0.25,ci,ci9627721,2016-04-02T11:24:28.369Z,"6km NNW of Big Bear Lake, CA",earthquake,0.29,1.48,,6,reviewed,ci,ci
2001-01-13T13:08:42.330Z,40.74,-125.284,5.6,5.6,mwc,179,,,,us,usp000a7kv,2015-02-11T17:17:11.000Z,"offshore Northern California",earthquake,,,,,reviewed,nc,hrv
2000-11-24T04:20:06.000Z,44.75,-110.69,4.4,4.6,mb,120,,,,us,usp000a4tk,2014-11-07T01:11:33.431Z,"Yellowstone National Park, Wyoming",earthquake,,,,12,reviewed,slc,us
2000-09-26T07:20:29.950Z,38.657,-119.526,9.2,4.5,mwr,75,,,,us,usp000a0u7,2015-01-28T13:03:29.445Z,"Central California",earthquake,,,,,reviewed,ren,brk
